Date,Profit,TempAvgF,HumidityAvgPercent,VisibilityAvgMiles,WindAvgMPH,Events
2013-12-21,49.5,60.0,75.0,7.0,31.0,True
2013-12-22,42.1,48.0,68.0,10.0,25.0,False
2013-12-23,36.1,45.0,52.0,10.0,12.0,False
2013-12-24,38.2,46.0,56.0,10.0,20.0,False
2013-12-25,42.8,50.0,71.0,10.0,16.0,False
2013-12-26,40.1,48.0,63.0,9.0,17.0,False
2013-12-27,42.4,53.0,65.0,9.0,11.0,False
2013-12-28,41.7,51.0,64.0,10.0,14.0,False
2013-12-29,44.6,50.0,76.0,10.0,24.0,False
2013-12-30,36.1,40.0,60.0,10.0,21.0,False
2013-12-31,37.0,46.0,54.0,10.0,12.0,False
2014-01-01,44.8,54.0,68.0,10.0,22.0,False
2014-01-02,38.1,44.0,55.0,10.0,31.0,False
2014-01-03,35.4,43.0,49.0,10.0,21.0,False
2014-01-04,46.9,57.0,68.0,10.0,28.0,False
2014-01-05,40.7,47.0,59.0,10.0,34.0,False
2014-01-06,26.8,29.0,38.0,10.0,27.0,False
2014-01-07,30.3,35.0,43.0,10.0,22.0,False
2014-01-08,40.7,47.0,75.0,2.0,18.0,True
2014-01-09,49.7,62.0,80.0,4.0,19.0,True
2014-01-10,52.4,65.0,81.0,8.0,21.0,True
2014-01-11,45.3,62.0,53.0,9.0,19.0,False
2014-01-12,46.5,57.0,68.0,10.0,24.0,True
2014-01-13,43.4,57.0,51.0,9.0,29.0,False
2014-01-14,41.6,57.0,41.0,10.0,29.0,False
2014-01-15,37.1,52.0,35.0,10.0,21.0,False
2014-01-16,39.6,56.0,38.0,10.0,20.0,False
2014-01-17,37.3,54.0,31.0,10.0,21.0,False
2014-01-18,39.9,54.0,45.0,10.0,19.0,False
2014-01-19,40.9,59.0,39.0,10.0,16.0,False
2014-01-20,45.4,64.0,44.0,10.0,26.0,False
2014-01-21,37.8,51.0,39.0,10.0,25.0,False
2014-01-22,39.8,54.0,45.0,10.0,18.0,False
2014-01-23,38.5,42.0,64.0,8.0,31.0,True
2014-01-24,32.7,33.0,60.0,9.0,24.0,False
2014-01-25,38.0,48.0,53.0,10.0,14.0,False
2014-01-26,44.4,60.0,52.0,10.0,20.0,False
2014-01-27,37.5,47.0,44.0,10.0,32.0,True
2014-01-28,30.4,33.0,48.0,10.0,23.0,True
2014-01-29,31.7,38.0,42.0,10.0,23.0,False
2014-01-30,41.5,48.0,64.0,10.0,27.0,False
2014-01-31,51.3,68.0,64.0,10.0,25.0,False
2014-02-01,51.8,66.0,71.0,10.0,26.0,True
2014-02-02,40.8,45.0,69.0,8.0,29.0,True
2014-02-03,37.7,40.0,74.0,6.0,17.0,False
2014-02-04,43.1,53.0,68.0,6.0,18.0,True
2014-02-05,36.4,40.0,60.0,10.0,24.0,False
2014-02-06,29.6,29.0,54.0,10.0,23.0,False
2014-02-07,33.2,34.0,68.0,7.0,12.0,False
2014-02-08,41.6,51.0,63.0,7.0,21.0,False
2014-02-09,46.5,59.0,70.0,5.0,20.0,True
2014-02-10,42.7,48.0,74.0,8.0,23.0,True
2014-02-11,36.8,35.0,80.0,5.0,23.0,True
2014-02-12,37.9,45.0,57.0,9.0,22.0,False
2014-02-13,41.0,51.0,58.0,10.0,19.0,False
2014-02-14,48.7,67.0,51.0,10.0,30.0,False
2014-02-15,42.4,59.0,43.0,10.0,23.0,False
2014-02-16,52.1,68.0,74.0,5.0,23.0,True
2014-02-17,49.3,70.0,52.0,8.0,23.0,False
2014-02-18,49.5,69.0,55.0,10.0,20.0,False
2014-02-19,54.8,73.0,70.0,9.0,25.0,False
2014-02-20,49.2,70.0,48.0,9.0,28.0,False
2014-02-21,41.1,57.0,43.0,10.0,20.0,False
2014-02-22,46.3,63.0,53.0,10.0,22.0,False
2014-02-23,52.8,74.0,57.0,10.0,24.0,False
2014-02-24,49.6,66.0,65.0,9.0,18.0,False
2014-02-25,50.8,62.0,85.0,4.0,20.0,True
2014-02-26,39.1,44.0,63.0,8.0,29.0,True
2014-02-27,37.4,45.0,56.0,10.0,17.0,False
2014-02-28,47.1,62.0,60.0,10.0,21.0,False
2014-03-01,52.9,68.0,74.0,7.0,27.0,True
2014-03-02,46.6,51.0,79.0,8.0,37.0,True
2014-03-03,33.9,36.0,56.0,9.0,29.0,True
2014-03-04,37.3,40.0,72.0,8.0,13.0,True
2014-03-05,41.2,46.0,76.0,7.0,16.0,False
2014-03-06,43.0,54.0,62.0,8.0,20.0,False
2014-03-07,43.5,53.0,65.0,9.0,22.0,False
2014-03-08,46.3,52.0,88.0,3.0,21.0,True
2014-03-09,42.8,49.0,71.0,9.0,23.0,True
2014-03-10,47.8,61.0,69.0,9.0,17.0,True
2014-03-11,52.2,70.0,66.0,9.0,22.0,False
2014-03-12,42.9,60.0,36.0,10.0,37.0,False
2014-03-13,36.8,52.0,35.0,10.0,18.0,False
2014-03-14,49.0,62.0,68.0,10.0,24.0,False
2014-03-15,52.9,68.0,81.0,5.0,17.0,True
2014-03-16,46.8,56.0,66.0,10.0,36.0,False
2014-03-17,39.3,55.0,36.0,10.0,26.0,False
2014-03-18,46.9,65.0,49.0,10.0,26.0,False
2014-03-19,45.8,62.0,52.0,9.0,26.0,False
2014-03-20,43.4,59.0,52.0,10.0,15.0,False
2014-03-21,51.6,67.0,69.0,8.0,27.0,True
2014-03-22,53.6,69.0,80.0,7.0,17.0,False
2014-03-23,44.4,54.0,62.0,10.0,30.0,False
2014-03-24,44.1,58.0,58.0,10.0,15.0,False
2014-03-25,44.9,57.0,61.0,10.0,22.0,False
2014-03-26,46.7,60.0,57.0,10.0,33.0,True
2014-03-27,55.6,72.0,78.0,7.0,26.0,True
2014-03-28,55.1,76.0,64.0,8.0,27.0,True
2014-03-29,44.7,64.0,43.0,10.0,21.0,False
2014-03-30,47.2,62.0,56.0,10.0,30.0,False
2014-03-31,54.2,73.0,65.0,10.0,27.0,False
2014-04-01,56.6,76.0,71.0,8.0,28.0,False
2014-04-02,58.4,76.0,78.0,9.0,30.0,True
2014-04-03,57.4,77.0,74.0,8.0,25.0,False
2014-04-04,48.4,64.0,58.0,10.0,28.0,True
2014-04-05,43.3,60.0,48.0,10.0,17.0,False
2014-04-06,47.0,57.0,76.0,7.0,19.0,True
2014-04-07,52.3,62.0,69.0,9.0,57.0,True
2014-04-08,49.1,64.0,57.0,10.0,37.0,False
2014-04-09,46.9,65.0,51.0,10.0,22.0,False
2014-04-10,52.9,72.0,59.0,10.0,31.0,False
2014-04-11,54.0,73.0,65.0,10.0,25.0,False
2014-04-12,55.7,75.0,66.0,10.0,30.0,False
2014-04-13,57.0,73.0,79.0,9.0,29.0,False
2014-04-14,47.4,58.0,65.0,8.0,38.0,True
2014-04-15,37.5,52.0,39.0,10.0,17.0,False
2014-04-16,44.3,57.0,56.0,10.0,26.0,False
2014-04-17,50.9,62.0,85.0,7.0,15.0,True
2014-04-18,50.9,69.0,68.0,6.0,16.0,True
2014-04-19,50.3,66.0,68.0,9.0,19.0,False
2014-04-20,52.9,68.0,77.0,8.0,19.0,False
2014-04-21,55.7,74.0,72.0,9.0,25.0,True
2014-04-22,53.7,75.0,61.0,10.0,20.0,False
2014-04-23,55.0,73.0,68.0,10.0,29.0,False
2014-04-24,56.2,78.0,63.0,10.0,26.0,False
2014-04-25,52.2,76.0,51.0,10.0,20.0,False
2014-04-26,57.1,77.0,73.0,6.0,28.0,True
2014-04-27,56.3,85.0,51.0,6.0,24.0,False
2014-04-28,52.0,80.0,39.0,10.0,22.0,False
2014-04-29,48.0,72.0,36.0,10.0,28.0,False
2014-04-30,44.2,66.0,32.0,10.0,28.0,False
2014-05-01,44.1,65.0,39.0,10.0,18.0,False
2014-05-02,45.3,70.0,33.0,10.0,17.0,False
2014-05-03,47.4,76.0,27.0,10.0,20.0,False
2014-05-04,47.7,76.0,27.0,10.0,23.0,False
2014-05-05,54.9,76.0,61.0,10.0,27.0,False
2014-05-06,56.1,76.0,66.0,10.0,29.0,False
2014-05-07,57.6,79.0,65.0,10.0,31.0,False
2014-05-08,58.7,79.0,75.0,6.0,30.0,True
2014-05-09,56.7,76.0,69.0,5.0,39.0,True
2014-05-10,56.5,76.0,71.0,10.0,23.0,False
2014-05-11,58.9,83.0,63.0,9.0,30.0,False
2014-05-12,57.0,72.0,87.0,5.0,26.0,True
2014-05-13,49.8,61.0,73.0,8.0,31.0,True
2014-05-14,48.2,64.0,57.0,10.0,28.0,True
2014-05-15,47.2,65.0,55.0,10.0,17.0,False
2014-05-16,49.7,74.0,40.0,10.0,27.0,False
2014-05-17,52.7,73.0,58.0,10.0,26.0,False
2014-05-18,54.8,74.0,67.0,10.0,24.0,False
2014-05-19,55.7,76.0,65.0,10.0,27.0,False
2014-05-20,56.2,78.0,63.0,10.0,26.0,False
2014-05-21,56.9,80.0,61.0,10.0,27.0,False
2014-05-22,58.0,79.0,70.0,10.0,25.0,False
2014-05-23,56.4,78.0,69.0,8.0,20.0,True
2014-05-24,58.9,78.0,79.0,9.0,23.0,False
2014-05-25,57.6,80.0,66.0,10.0,24.0,True
2014-05-26,56.1,70.0,83.0,8.0,29.0,True
2014-05-27,55.5,68.0,86.0,6.0,31.0,True
2014-05-28,56.4,76.0,74.0,7.0,22.0,False
2014-05-29,55.7,78.0,66.0,10.0,15.0,False
2014-05-30,56.2,81.0,60.0,10.0,17.0,False
2014-05-31,57.6,82.0,63.0,10.0,20.0,False
2014-06-01,57.4,80.0,69.0,8.0,20.0,False
2014-06-02,59.1,83.0,67.0,10.0,22.0,False
2014-06-03,58.6,83.0,67.0,10.0,17.0,False
2014-06-04,59.6,83.0,70.0,10.0,21.0,False
2014-06-05,60.1,83.0,72.0,10.0,22.0,False
2014-06-06,60.0,83.0,70.0,10.0,25.0,False
2014-06-07,60.3,83.0,71.0,10.0,26.0,False
2014-06-08,59.6,83.0,67.0,10.0,27.0,True
2014-06-09,57.9,77.0,78.0,8.0,22.0,True
2014-06-10,55.8,78.0,64.0,10.0,20.0,False
2014-06-11,56.9,80.0,64.0,10.0,21.0,False
2014-06-12,60.1,80.0,68.0,9.0,47.0,True
2014-06-13,56.7,79.0,75.0,0.0,22.0,False
2014-06-14,63.6,92.0,77.0,0.0,22.0,False
2014-06-15,43.8,83.0,0.0,0.0,23.0,False
2014-06-16,58.8,84.0,72.0,0.0,24.0,False
2014-06-17,60.0,84.0,69.0,10.0,22.0,False
2014-06-18,60.5,85.0,68.0,9.0,26.0,True
2014-06-19,59.8,84.0,68.0,10.0,22.0,False
2014-06-20,59.2,83.0,69.0,10.0,19.0,False
2014-06-21,60.5,84.0,72.0,10.0,21.0,False
2014-06-22,59.5,83.0,70.0,9.0,22.0,False
2014-06-23,58.2,78.0,75.0,8.0,26.0,True
2014-06-24,61.7,84.0,72.0,9.0,35.0,True
2014-06-25,59.4,80.0,77.0,8.0,24.0,True
2014-06-26,59.6,80.0,76.0,10.0,24.0,True
2014-06-27,60.5,83.0,69.0,10.0,32.0,False
2014-06-28,61.5,86.0,69.0,10.0,27.0,False
2014-06-29,61.3,86.0,69.0,9.0,27.0,False
2014-06-30,60.8,87.0,64.0,9.0,27.0,False
2014-07-01,60.0,86.0,64.0,10.0,22.0,False
2014-07-02,59.1,85.0,64.0,10.0,18.0,False
2014-07-03,59.3,84.0,62.0,10.0,29.0,True
2014-07-04,58.7,82.0,67.0,10.0,23.0,True
2014-07-05,60.0,82.0,70.0,10.0,30.0,False
2014-07-06,60.0,84.0,72.0,8.0,20.0,False
2014-07-07,58.6,85.0,61.0,10.0,19.0,False
2014-07-08,59.7,86.0,63.0,10.0,21.0,False
2014-07-09,58.6,85.0,59.0,10.0,23.0,False
2014-07-10,59.2,84.0,64.0,10.0,24.0,False
2014-07-11,57.7,83.0,60.0,10.0,22.0,False
2014-07-12,58.1,85.0,59.0,9.0,20.0,False
2014-07-13,59.8,87.0,63.0,10.0,17.0,False
2014-07-14,58.6,88.0,55.0,10.0,16.0,False
2014-07-15,60.0,83.0,71.0,10.0,23.0,True
2014-07-16,59.4,84.0,68.0,8.0,22.0,True
2014-07-17,59.7,82.0,77.0,7.0,19.0,True
2014-07-18,59.0,75.0,87.0,7.0,27.0,True
2014-07-19,57.1,78.0,76.0,9.0,11.0,False
2014-07-20,60.2,84.0,73.0,9.0,18.0,False
2014-07-21,61.3,87.0,70.0,9.0,20.0,False
2014-07-22,60.0,86.0,68.0,10.0,14.0,False
2014-07-23,59.4,86.0,66.0,9.0,14.0,False
2014-07-24,58.8,84.0,70.0,8.0,12.0,True
2014-07-25,59.4,86.0,63.0,10.0,18.0,False
2014-07-26,61.2,87.0,66.0,10.0,25.0,False
2014-07-27,60.5,87.0,64.0,10.0,22.0,False
2014-07-28,59.4,87.0,62.0,10.0,15.0,False
2014-07-29,60.4,87.0,63.0,10.0,23.0,False
2014-07-30,59.2,86.0,60.0,10.0,22.0,False
2014-07-31,60.2,87.0,64.0,10.0,19.0,False
2014-08-01,56.6,82.0,59.0,10.0,18.0,False
2014-08-02,57.3,79.0,70.0,10.0,18.0,False
2014-08-03,57.8,83.0,62.0,10.0,19.0,False
2014-08-04,58.5,83.0,66.0,9.0,20.0,False
2014-08-05,58.9,85.0,61.0,10.0,22.0,False
2014-08-06,60.8,88.0,64.0,10.0,20.0,False
2014-08-07,60.9,90.0,59.0,8.0,25.0,False
2014-08-08,60.7,89.0,60.0,10.0,22.0,False
2014-08-09,60.3,89.0,60.0,10.0,18.0,False
2014-08-10,60.0,89.0,58.0,10.0,19.0,False
2014-08-11,61.2,89.0,62.0,10.0,23.0,True
2014-08-12,59.6,87.0,62.0,10.0,17.0,False
2014-08-13,54.5,83.0,45.0,10.0,20.0,False
2014-08-14,55.6,84.0,50.0,10.0,16.0,False
2014-08-15,59.5,88.0,58.0,10.0,19.0,False
2014-08-16,61.3,91.0,57.0,10.0,24.0,False
2014-08-17,60.6,90.0,56.0,10.0,24.0,False
2014-08-18,61.2,90.0,59.0,10.0,24.0,False
2014-08-19,59.0,87.0,55.0,10.0,25.0,True
2014-08-20,61.3,90.0,57.0,10.0,29.0,False
2014-08-21,61.7,92.0,55.0,10.0,27.0,False
2014-08-22,60.8,91.0,55.0,10.0,23.0,False
2014-08-23,60.5,88.0,62.0,10.0,21.0,False
2014-08-24,60.1,89.0,59.0,10.0,18.0,False
2014-08-25,59.8,89.0,59.0,10.0,15.0,False
2014-08-26,59.2,89.0,52.0,10.0,23.0,True
2014-08-27,58.8,87.0,58.0,10.0,17.0,False
2014-08-28,60.8,88.0,61.0,10.0,26.0,False
2014-08-29,60.6,87.0,64.0,10.0,23.0,True
2014-08-30,60.7,85.0,69.0,10.0,24.0,False
2014-08-31,61.7,87.0,68.0,10.0,26.0,False
2014-09-01,61.9,90.0,62.0,10.0,25.0,False
2014-09-02,62.4,88.0,66.0,10.0,32.0,False
2014-09-03,60.8,88.0,61.0,10.0,26.0,False
2014-09-04,61.3,86.0,65.0,8.0,37.0,True
2014-09-05,60.2,87.0,63.0,10.0,21.0,True
2014-09-06,60.4,86.0,67.0,10.0,20.0,True
2014-09-07,59.5,82.0,78.0,8.0,13.0,True
2014-09-08,59.5,84.0,70.0,10.0,15.0,False
2014-09-09,59.6,86.0,63.0,10.0,20.0,False
2014-09-10,61.1,88.0,63.0,10.0,25.0,False
2014-09-11,60.4,89.0,60.0,10.0,19.0,False
2014-09-12,58.1,81.0,67.0,9.0,24.0,True
2014-09-13,53.3,63.0,92.0,5.0,24.0,True
2014-09-14,55.5,71.0,87.0,8.0,10.0,False
2014-09-15,57.8,79.0,76.0,9.0,13.0,False
2014-09-16,60.8,84.0,70.0,10.0,28.0,True
2014-09-17,60.3,83.0,75.0,9.0,20.0,True
2014-09-18,60.8,81.0,78.0,7.0,33.0,True
2014-09-19,60.0,80.0,85.0,8.0,14.0,True
2014-09-20,59.9,82.0,78.0,9.0,15.0,True
2014-09-21,58.2,81.0,71.0,10.0,15.0,False
2014-09-22,57.9,81.0,69.0,10.0,16.0,False
2014-09-23,52.6,76.0,57.0,10.0,12.0,False
2014-09-24,52.4,72.0,64.0,10.0,16.0,False
2014-09-25,55.3,73.0,74.0,10.0,20.0,False
2014-09-26,55.7,76.0,71.0,10.0,15.0,False
2014-09-27,56.0,74.0,78.0,10.0,14.0,True
2014-09-28,56.0,77.0,72.0,8.0,15.0,False
2014-09-29,55.8,78.0,68.0,10.0,12.0,False
2014-09-30,56.4,78.0,70.0,10.0,14.0,False
2014-10-01,59.4,84.0,68.0,10.0,18.0,False
2014-10-02,60.9,84.0,72.0,9.0,27.0,True
2014-10-03,50.5,75.0,44.0,10.0,22.0,True
2014-10-04,48.6,70.0,51.0,10.0,14.0,False
2014-10-05,55.6,75.0,69.0,10.0,23.0,False
2014-10-06,59.1,81.0,73.0,10.0,20.0,False
2014-10-07,58.8,83.0,67.0,9.0,21.0,False
2014-10-08,59.3,82.0,70.0,10.0,23.0,False
2014-10-09,60.0,84.0,69.0,10.0,22.0,True
2014-10-10,59.6,84.0,66.0,10.0,24.0,False
2014-10-11,54.9,69.0,85.0,7.0,20.0,True
2014-10-12,55.9,69.0,86.0,9.0,24.0,True
2014-10-13,52.7,69.0,63.0,10.0,36.0,True
2014-10-14,46.8,66.0,49.0,10.0,20.0,False
2014-10-15,48.8,72.0,46.0,10.0,16.0,False
2014-10-16,50.3,72.0,50.0,10.0,23.0,False
2014-10-17,54.5,74.0,69.0,10.0,17.0,False
2014-10-18,54.6,76.0,67.0,10.0,12.0,False
2014-10-19,55.3,74.0,74.0,10.0,15.0,False
2014-10-20,54.2,73.0,73.0,9.0,13.0,False
2014-10-21,51.1,71.0,61.0,9.0,16.0,False
2014-10-22,52.8,72.0,67.0,10.0,14.0,True
2014-10-23,53.4,75.0,64.0,10.0,11.0,True
2014-10-24,52.2,73.0,64.0,10.0,9.0,False
2014-10-25,53.1,75.0,62.0,10.0,12.0,False
2014-10-26,53.3,74.0,62.0,10.0,19.0,False
2014-10-27,54.7,74.0,67.0,10.0,23.0,False
2014-10-28,55.5,75.0,74.0,10.0,12.0,False
2014-10-29,53.5,73.0,68.0,10.0,14.0,False
2014-10-30,53.9,73.0,72.0,10.0,10.0,True
2014-10-31,49.3,66.0,60.0,9.0,25.0,True
2014-11-01,43.2,58.0,54.0,10.0,14.0,False
2014-11-02,47.7,62.0,61.0,10.0,25.0,False
2014-11-03,52.7,68.0,72.0,10.0,23.0,False
2014-11-04,55.3,67.0,87.0,8.0,28.0,True
2014-11-05,51.1,57.0,97.0,6.0,20.0,True
2014-11-06,48.2,59.0,75.0,10.0,17.0,True
2014-11-07,43.7,60.0,53.0,10.0,11.0,False
2014-11-08,48.9,62.0,67.0,10.0,25.0,False
2014-11-09,45.6,61.0,59.0,10.0,13.0,False
2014-11-10,50.6,63.0,70.0,10.0,31.0,False
2014-11-11,45.6,54.0,67.0,10.0,32.0,False
2014-11-12,36.7,44.0,50.0,10.0,27.0,False
2014-11-13,31.4,36.0,43.0,10.0,28.0,False
2014-11-14,30.9,38.0,44.0,10.0,11.0,False
2014-11-15,38.9,44.0,72.0,5.0,15.0,True
2014-11-16,42.8,42.0,91.0,4.0,28.0,True
2014-11-17,36.0,42.0,52.0,10.0,26.0,False
2014-11-18,35.2,43.0,51.0,10.0,15.0,False
2014-11-19,42.5,51.0,64.0,10.0,22.0,False
2014-11-20,48.7,57.0,85.0,8.0,16.0,True
2014-11-21,55.2,68.0,90.0,6.0,20.0,True
2014-11-22,54.9,63.0,97.0,6.0,28.0,True
2014-11-23,50.6,67.0,62.0,10.0,27.0,False
2014-11-24,40.7,53.0,47.0,10.0,28.0,False
2014-11-25,40.7,53.0,53.0,10.0,16.0,False
2014-11-26,41.7,60.0,40.0,10.0,17.0,False
2014-11-27,40.5,53.0,52.0,10.0,16.0,False
2014-11-28,45.3,57.0,62.0,10.0,24.0,False
2014-11-29,52.6,65.0,75.0,10.0,31.0,False
2014-11-30,55.0,72.0,71.0,10.0,28.0,False
2014-12-01,45.8,54.0,69.0,10.0,30.0,False
2014-12-02,38.7,45.0,63.0,10.0,16.0,False
2014-12-03,47.0,54.0,88.0,7.0,10.0,False
2014-12-04,52.0,62.0,94.0,3.0,16.0,True
2014-12-05,54.5,69.0,82.0,8.0,20.0,True
2014-12-06,49.4,62.0,72.0,10.0,20.0,False
2014-12-07,47.0,54.0,83.0,10.0,14.0,False
2014-12-08,46.2,58.0,69.0,10.0,14.0,False
2014-12-09,44.7,56.0,70.0,8.0,11.0,False
2014-12-10,46.4,57.0,75.0,9.0,11.0,True
2014-12-11,51.0,62.0,85.0,7.0,16.0,True
2014-12-12,51.8,65.0,78.0,10.0,17.0,True
2014-12-13,52.2,65.0,79.0,9.0,21.0,False
2014-12-14,54.8,68.0,82.0,9.0,26.0,True
2014-12-15,47.0,63.0,58.0,10.0,19.0,False
2014-12-16,40.9,55.0,47.0,10.0,20.0,False
2014-12-17,44.3,51.0,75.0,8.0,22.0,True
2014-12-18,48.4,55.0,92.0,4.0,17.0,False
2014-12-19,47.6,53.0,89.0,7.0,19.0,True
2014-12-20,45.5,52.0,82.0,9.0,13.0,False
2014-12-21,46.9,53.0,83.0,9.0,20.0,False
2014-12-22,49.9,67.0,63.0,10.0,18.0,False
2014-12-23,43.8,51.0,66.0,10.0,31.0,True
2014-12-24,39.9,46.0,62.0,10.0,25.0,False
2014-12-25,41.7,49.0,61.0,10.0,30.0,False
2014-12-26,52.5,64.0,83.0,9.0,21.0,True
2014-12-27,46.8,54.0,79.0,8.0,24.0,True
2014-12-28,38.3,40.0,71.0,10.0,21.0,True
2014-12-29,41.6,49.0,68.0,10.0,15.0,False
2014-12-30,42.2,43.0,87.0,6.0,21.0,True
2014-12-31,37.6,39.0,70.0,10.0,21.0,False
2015-01-01,36.8,37.0,82.0,3.0,13.0,True
2015-01-02,42.1,41.0,95.0,4.0,18.0,True
2015-01-03,44.3,51.0,74.0,8.0,24.0,True
2015-01-04,39.9,43.0,69.0,10.0,26.0,False
2015-01-05,34.5,41.0,54.0,10.0,12.0,False
2015-01-06,40.3,54.0,50.0,10.0,13.0,False
2015-01-07,36.5,41.0,54.0,10.0,32.0,False
2015-01-08,28.9,30.0,48.0,10.0,23.0,True
2015-01-09,34.5,36.0,62.0,10.0,21.0,True
2015-01-10,34.3,34.0,76.0,4.0,13.0,True
2015-01-11,41.7,42.0,90.0,7.0,13.0,True
2015-01-12,42.1,43.0,88.0,5.0,20.0,True
2015-01-13,39.6,39.0,83.0,7.0,21.0,False
2015-01-14,39.0,39.0,86.0,4.0,15.0,False
2015-01-15,41.8,49.0,68.0,9.0,19.0,False
2015-01-16,41.5,51.0,64.0,10.0,12.0,False
2015-01-17,43.6,54.0,63.0,10.0,20.0,False
2015-01-18,40.4,59.0,37.0,10.0,15.0,False
2015-01-19,43.7,56.0,59.0,10.0,19.0,False
2015-01-20,46.2,61.0,59.0,10.0,19.0,False
2015-01-21,46.0,53.0,84.0,5.0,17.0,True
2015-01-22,45.7,47.0,91.0,4.0,32.0,True
2015-01-23,41.8,45.0,77.0,8.0,23.0,True
2015-01-24,41.5,50.0,62.0,10.0,21.0,False
2015-01-25,43.1,57.0,53.0,10.0,20.0,False
2015-01-26,42.3,60.0,43.0,10.0,17.0,False
2015-01-27,47.3,67.0,47.0,10.0,24.0,False
2015-01-28,47.2,62.0,60.0,10.0,22.0,False
2015-01-29,51.1,66.0,68.0,10.0,25.0,False
2015-01-30,41.2,53.0,52.0,10.0,23.0,True
2015-01-31,47.1,56.0,80.0,5.0,21.0,True
2015-02-01,49.3,59.0,77.0,8.0,28.0,True
2015-02-02,34.3,41.0,48.0,10.0,22.0,False
2015-02-03,38.5,42.0,76.0,6.0,11.0,True
2015-02-04,45.2,49.0,92.0,5.0,13.0,True
2015-02-05,42.5,45.0,77.0,10.0,26.0,False
2015-02-06,41.9,49.0,69.0,10.0,16.0,False
2015-02-07,45.4,55.0,71.0,8.0,21.0,False
2015-02-08,53.0,68.0,72.0,10.0,26.0,False
2015-02-09,47.1,68.0,49.0,10.0,13.0,False
2015-02-10,47.2,64.0,57.0,10.0,18.0,False
2015-02-11,49.3,65.0,64.0,7.0,26.0,False
2015-02-12,41.4,53.0,51.0,10.0,27.0,False
2015-02-13,42.6,55.0,58.0,10.0,15.0,False
2015-02-14,46.9,63.0,60.0,10.0,14.0,False
2015-02-15,51.4,63.0,80.0,10.0,19.0,False
2015-02-16,45.7,51.0,79.0,8.0,28.0,True
2015-02-17,38.5,45.0,59.0,10.0,22.0,False
2015-02-18,39.5,49.0,56.0,10.0,18.0,False
2015-02-19,44.0,54.0,61.0,10.0,28.0,False
2015-02-20,52.0,65.0,72.0,10.0,31.0,False
2015-02-21,51.8,67.0,69.0,10.0,25.0,False
2015-02-22,44.1,47.0,80.0,8.0,30.0,True
2015-02-23,38.2,34.0,87.0,7.0,24.0,True
2015-02-24,36.9,34.0,84.0,8.0,15.0,False
2015-02-25,41.0,49.0,64.0,8.0,21.0,True
2015-02-26,40.7,43.0,74.0,10.0,24.0,False
2015-02-27,35.1,34.0,72.0,8.0,21.0,True
2015-02-28,38.3,34.0,93.0,5.0,17.0,True
2015-03-01,40.9,39.0,95.0,4.0,16.0,True
2015-03-02,42.5,42.0,95.0,5.0,15.0,True
2015-03-03,46.7,52.0,95.0,2.0,13.0,True
2015-03-04,49.4,52.0,95.0,4.0,36.0,True
2015-03-05,36.8,39.0,61.0,9.0,33.0,True
2015-03-06,35.1,42.0,54.0,10.0,13.0,False
2015-03-07,39.0,49.0,56.0,10.0,13.0,False
2015-03-08,41.5,51.0,69.0,3.0,16.0,True
2015-03-09,47.7,52.0,97.0,5.0,13.0,True
2015-03-10,47.5,57.0,78.0,10.0,14.0,False
2015-03-11,48.3,57.0,79.0,10.0,20.0,False
2015-03-12,49.9,63.0,73.0,10.0,18.0,True
2015-03-13,50.0,66.0,68.0,8.0,18.0,False
2015-03-14,49.5,66.0,61.0,10.0,23.0,False
2015-03-15,48.0,60.0,72.0,10.0,16.0,False
2015-03-16,50.6,65.0,73.0,9.0,17.0,False
2015-03-17,54.6,70.0,82.0,8.0,16.0,True
2015-03-18,54.3,71.0,74.0,10.0,20.0,True
2015-03-19,55.6,73.0,79.0,8.0,17.0,False
2015-03-20,53.2,64.0,89.0,6.0,22.0,True
2015-03-21,51.1,58.0,95.0,7.0,17.0,True
2015-03-22,52.5,68.0,75.0,10.0,15.0,False
2015-03-23,51.0,66.0,73.0,10.0,14.0,False
2015-03-24,54.1,71.0,72.0,10.0,22.0,False
2015-03-25,55.6,73.0,72.0,10.0,27.0,False
2015-03-26,48.1,62.0,62.0,9.0,29.0,True
2015-03-27,44.7,64.0,44.0,10.0,19.0,False
2015-03-28,48.2,66.0,54.0,10.0,24.0,False
2015-03-29,53.7,71.0,67.0,10.0,28.0,False
2015-03-30,55.0,72.0,76.0,10.0,18.0,False
2015-03-31,55.8,74.0,74.0,10.0,20.0,False
2015-04-01,56.5,76.0,71.0,9.0,25.0,True
2015-04-02,57.4,76.0,76.0,8.0,26.0,False
2015-04-03,55.7,76.0,67.0,8.0,27.0,False
2015-04-04,47.3,63.0,53.0,10.0,32.0,False
2015-04-05,50.2,64.0,78.0,5.0,16.0,True
2015-04-06,56.7,75.0,76.0,8.0,24.0,False
2015-04-07,57.8,78.0,71.0,10.0,26.0,False
2015-04-08,57.9,74.0,81.0,9.0,29.0,False
2015-04-09,58.6,79.0,73.0,9.0,27.0,False
2015-04-10,51.1,65.0,70.0,10.0,26.0,True
2015-04-11,51.9,65.0,86.0,5.0,12.0,True
2015-04-12,56.6,75.0,81.0,5.0,19.0,True
2015-04-13,54.9,76.0,67.0,8.0,19.0,True
2015-04-14,50.9,67.0,67.0,10.0,20.0,False
2015-04-15,52.3,69.0,69.0,10.0,20.0,False
2015-04-16,57.1,74.0,78.0,9.0,27.0,True
2015-04-17,55.1,71.0,81.0,8.0,18.0,True
2015-04-18,55.3,66.0,82.0,8.0,43.0,True
2015-04-19,52.4,73.0,60.0,7.0,25.0,True
2015-04-20,46.1,64.0,48.0,10.0,25.0,False
2015-04-21,50.4,66.0,66.0,10.0,22.0,False
2015-04-22,57.1,74.0,79.0,10.0,23.0,False
2015-04-23,58.7,77.0,85.0,8.0,16.0,False
2015-04-24,59.0,77.0,85.0,6.0,23.0,True
2015-04-25,56.6,82.0,61.0,7.0,20.0,True
2015-04-26,59.2,78.0,77.0,8.0,32.0,True
2015-04-27,55.7,74.0,66.0,9.0,37.0,True
2015-04-28,48.9,59.0,74.0,10.0,26.0,False
2015-04-29,47.6,63.0,61.0,10.0,19.0,False
2015-04-30,48.9,67.0,60.0,10.0,14.0,False
2015-05-01,50.5,70.0,60.0,10.0,15.0,False
2015-05-02,51.1,71.0,58.0,10.0,20.0,False
2015-05-03,53.2,71.0,67.0,10.0,23.0,False
2015-05-04,56.3,75.0,71.0,10.0,26.0,False
2015-05-05,56.9,75.0,77.0,6.0,28.0,True
2015-05-06,58.2,79.0,74.0,8.0,23.0,True
2015-05-07,59.6,78.0,81.0,9.0,26.0,True
2015-05-08,58.5,76.0,88.0,5.0,19.0,True
2015-05-09,59.8,79.0,79.0,7.0,31.0,True
2015-05-10,59.9,82.0,71.0,9.0,29.0,False
2015-05-11,56.0,74.0,78.0,7.0,20.0,True
2015-05-12,55.0,67.0,91.0,8.0,17.0,True
2015-05-13,56.5,67.0,97.0,5.0,26.0,True
2015-05-14,59.2,78.0,83.0,6.0,24.0,True
2015-05-15,57.0,72.0,87.0,8.0,20.0,True
2015-05-16,59.1,77.0,79.0,9.0,30.0,False
2015-05-17,58.8,75.0,83.0,6.0,35.0,True
2015-05-18,59.7,81.0,77.0,9.0,20.0,True
2015-05-19,60.0,82.0,73.0,8.0,28.0,True
2015-05-20,59.2,81.0,75.0,8.0,21.0,True
2015-05-21,55.7,69.0,84.0,10.0,24.0,True
2015-05-22,56.1,70.0,91.0,6.0,17.0,True
2015-05-23,59.5,77.0,83.0,6.0,32.0,True
2015-05-24,56.4,73.0,81.0,10.0,17.0,True
2015-05-25,58.7,74.0,87.0,7.0,29.0,True
2015-05-26,58.2,78.0,80.0,6.0,20.0,True
2015-05-27,58.0,76.0,82.0,9.0,18.0,True
2015-05-28,59.1,78.0,80.0,8.0,25.0,True
2015-05-29,58.6,77.0,76.0,8.0,33.0,True
2015-05-30,57.9,79.0,74.0,10.0,16.0,True
2015-05-31,55.5,77.0,67.0,10.0,16.0,False
2015-06-01,55.2,76.0,70.0,10.0,12.0,False
2015-06-02,57.1,79.0,70.0,10.0,16.0,False
2015-06-03,56.8,78.0,69.0,10.0,20.0,False
2015-06-04,56.2,78.0,68.0,10.0,16.0,False
2015-06-05,58.1,80.0,72.0,10.0,17.0,False
2015-06-06,57.8,80.0,72.0,10.0,14.0,False
2015-06-07,58.4,81.0,71.0,10.0,17.0,False
2015-06-08,57.7,82.0,67.0,10.0,13.0,False
2015-06-09,57.3,84.0,60.0,10.0,13.0,False
2015-06-10,57.5,83.0,62.0,10.0,16.0,False
2015-06-11,60.7,84.0,71.0,10.0,25.0,False
2015-06-12,60.0,84.0,70.0,10.0,20.0,False
2015-06-13,61.4,85.0,70.0,10.0,29.0,False
2015-06-14,60.7,79.0,87.0,8.0,22.0,True
2015-06-15,60.8,82.0,78.0,9.0,24.0,True
2015-06-16,59.9,78.0,84.0,8.0,25.0,True
2015-06-17,60.0,81.0,83.0,7.0,15.0,True
2015-06-18,61.5,82.0,82.0,10.0,21.0,True
2015-06-19,60.2,78.0,87.0,8.0,22.0,True
2015-06-20,61.2,78.0,90.0,8.0,26.0,True
2015-06-21,60.8,79.0,85.0,7.0,29.0,True
2015-06-22,60.8,81.0,84.0,9.0,17.0,False
2015-06-23,60.6,84.0,73.0,10.0,20.0,True
2015-06-24,60.7,83.0,78.0,10.0,16.0,False
2015-06-25,60.4,83.0,76.0,10.0,17.0,False
2015-06-26,60.9,85.0,73.0,10.0,18.0,False
2015-06-27,60.7,83.0,75.0,10.0,22.0,True
2015-06-28,59.1,82.0,73.0,9.0,17.0,True
2015-06-29,60.6,84.0,75.0,9.0,18.0,False
2015-06-30,61.2,84.0,76.0,7.0,26.0,True
2015-07-01,61.2,81.0,78.0,10.0,31.0,True
2015-07-02,61.0,81.0,78.0,10.0,29.0,False
2015-07-03,59.5,84.0,69.0,9.0,19.0,False
2015-07-04,60.8,84.0,73.0,10.0,22.0,False
2015-07-05,61.6,84.0,75.0,10.0,26.0,False
2015-07-06,61.0,84.0,72.0,9.0,28.0,False
2015-07-07,61.5,85.0,71.0,10.0,28.0,False
2015-07-08,61.0,85.0,69.0,9.0,29.0,False
2015-07-09,59.7,85.0,65.0,9.0,24.0,False
2015-07-10,59.5,84.0,68.0,9.0,21.0,False
2015-07-11,59.2,83.0,69.0,10.0,19.0,False
2015-07-12,59.3,84.0,67.0,10.0,19.0,False
2015-07-13,60.7,86.0,69.0,10.0,19.0,False
2015-07-14,59.0,86.0,61.0,10.0,18.0,False
2015-07-15,59.2,85.0,64.0,10.0,19.0,False
2015-07-16,60.2,85.0,69.0,10.0,19.0,False
2015-07-17,60.3,86.0,66.0,10.0,21.0,False
2015-07-18,61.3,88.0,65.0,10.0,23.0,False
2015-07-19,60.7,87.0,65.0,10.0,22.0,False
2015-07-20,60.1,86.0,66.0,10.0,19.0,False
2015-07-21,60.1,86.0,66.0,10.0,19.0,False
2015-07-22,60.6,87.0,64.0,10.0,23.0,False
2015-07-23,60.8,88.0,62.0,10.0,24.0,False
2015-07-24,60.4,88.0,62.0,10.0,20.0,False
2015-07-25,60.6,87.0,66.0,10.0,19.0,False
2015-07-26,60.4,87.0,67.0,9.0,17.0,False
2015-07-27,60.7,89.0,62.0,9.0,20.0,False
2015-07-28,61.4,89.0,63.0,9.0,25.0,False
2015-07-29,60.5,89.0,61.0,10.0,18.0,False
2015-07-30,58.6,88.0,55.0,10.0,16.0,False
2015-07-31,59.5,90.0,52.0,10.0,21.0,False
2015-08-01,56.1,86.0,47.0,10.0,17.0,False
2015-08-02,57.2,88.0,48.0,10.0,16.0,False
2015-08-03,58.0,87.0,54.0,10.0,17.0,False
2015-08-04,61.1,89.0,62.0,10.0,22.0,False
2015-08-05,60.9,90.0,59.0,10.0,21.0,False
2015-08-06,61.0,90.0,59.0,10.0,22.0,False
2015-08-07,60.9,89.0,61.0,10.0,22.0,False
2015-08-08,62.6,90.0,66.0,10.0,24.0,False
2015-08-09,57.5,89.0,65.0,0.0,0.0,False
2015-08-10,59.4,90.0,62.0,0.0,20.0,False
2015-08-11,45.0,90.0,0.0,0.0,0.0,False
2015-08-12,58.6,92.0,43.0,10.0,20.0,False
2015-08-13,59.6,91.0,51.0,10.0,19.0,False
2015-08-14,60.3,90.0,58.0,10.0,17.0,False
2015-08-15,58.9,89.0,54.0,10.0,16.0,True
2015-08-16,59.0,87.0,58.0,10.0,19.0,False
2015-08-17,58.9,86.0,61.0,10.0,17.0,False
2015-08-18,60.7,88.0,62.0,10.0,23.0,False
2015-08-19,60.9,89.0,62.0,10.0,20.0,False
2015-08-20,58.9,79.0,78.0,8.0,22.0,True
2015-08-21,59.7,82.0,73.0,9.0,23.0,True
2015-08-22,60.7,87.0,65.0,10.0,22.0,False
2015-08-23,61.1,89.0,64.0,10.0,18.0,False
2015-08-24,59.6,89.0,58.0,10.0,15.0,False
2015-08-25,60.0,89.0,56.0,10.0,23.0,False
2015-08-26,58.7,86.0,62.0,10.0,13.0,False
2015-08-27,58.0,86.0,56.0,10.0,18.0,False
2015-08-28,56.3,85.0,50.0,10.0,18.0,False
2015-08-29,56.0,83.0,55.0,10.0,15.0,False
2015-08-30,57.7,86.0,55.0,10.0,17.0,False
2015-08-31,59.2,86.0,59.0,10.0,24.0,False
2015-09-01,58.9,84.0,64.0,10.0,21.0,False
2015-09-02,58.4,83.0,65.0,10.0,19.0,False
2015-09-03,58.7,84.0,64.0,10.0,19.0,False
2015-09-04,60.7,88.0,62.0,10.0,23.0,False
2015-09-05,61.8,90.0,62.0,10.0,24.0,False
2015-09-06,60.5,88.0,63.0,10.0,19.0,False
2015-09-07,60.2,88.0,61.0,10.0,20.0,False
2015-09-08,59.8,88.0,61.0,10.0,16.0,False
2015-09-09,60.1,84.0,74.0,8.0,17.0,True
2015-09-10,60.1,84.0,71.0,7.0,25.0,True
2015-09-11,60.0,84.0,72.0,8.0,20.0,False
2015-09-12,55.0,80.0,55.0,10.0,20.0,False
2015-09-13,52.3,77.0,49.0,10.0,20.0,False
2015-09-14,52.8,77.0,53.0,10.0,17.0,False
2015-09-15,60.0,84.0,67.0,10.0,26.0,False
2015-09-16,60.1,84.0,72.0,9.0,19.0,True
2015-09-17,60.2,86.0,67.0,10.0,18.0,False
2015-09-18,59.6,86.0,64.0,10.0,18.0,False
2015-09-19,57.9,85.0,60.0,10.0,14.0,False
2015-09-20,54.5,82.0,60.0,0.0,15.0,False
2015-09-21,55.0,84.0,57.0,0.0,16.0,False
2015-09-22,56.9,84.0,56.0,10.0,17.0,False
2015-09-23,55.6,81.0,58.0,10.0,15.0,False
2015-09-24,54.4,82.0,49.0,10.0,16.0,False
2015-09-25,57.5,84.0,58.0,10.0,19.0,True
2015-09-26,55.9,82.0,54.0,10.0,21.0,False
2015-09-27,54.7,81.0,50.0,10.0,22.0,False
2015-09-28,56.0,79.0,64.0,10.0,17.0,False
2015-09-29,56.8,81.0,63.0,10.0,17.0,False
2015-09-30,56.3,83.0,56.0,10.0,16.0,False
2015-10-01,54.9,82.0,52.0,9.0,17.0,False
2015-10-02,51.8,78.0,45.0,10.0,18.0,False
2015-10-03,47.4,72.0,40.0,10.0,14.0,False
2015-10-04,48.9,73.0,45.0,10.0,14.0,False
2015-10-05,50.3,76.0,45.0,10.0,13.0,False
2015-10-06,50.5,77.0,44.0,10.0,12.0,False
2015-10-07,52.8,77.0,54.0,10.0,15.0,False
2015-10-08,56.8,80.0,64.0,10.0,20.0,False
2015-10-09,55.5,80.0,62.0,10.0,11.0,False
2015-10-10,54.3,79.0,56.0,10.0,16.0,False
2015-10-11,55.1,80.0,55.0,10.0,21.0,False
2015-10-12,59.5,86.0,62.0,9.0,23.0,False
2015-10-13,52.5,79.0,45.0,10.0,20.0,False
2015-10-14,49.7,78.0,36.0,10.0,15.0,False
2015-10-15,54.6,79.0,55.0,10.0,21.0,False
2015-10-16,53.6,76.0,60.0,10.0,16.0,False
2015-10-17,50.3,75.0,46.0,10.0,16.0,False
2015-10-18,45.5,71.0,33.0,10.0,14.0,False
2015-10-19,48.0,70.0,46.0,10.0,18.0,False
2015-10-20,52.7,73.0,61.0,10.0,20.0,False
2015-10-21,58.1,79.0,71.0,10.0,24.0,True
2015-10-22,58.9,76.0,85.0,7.0,25.0,True
2015-10-23,60.8,76.0,91.0,7.0,32.0,True
2015-10-24,56.2,68.0,94.0,4.0,26.0,True
2015-10-25,53.0,61.0,89.0,8.0,31.0,True
2015-10-26,51.2,69.0,62.0,10.0,23.0,False
2015-10-27,51.1,71.0,61.0,10.0,14.0,False
2015-10-28,50.7,70.0,53.0,10.0,31.0,False
2015-10-29,50.0,66.0,66.0,10.0,18.0,False
2015-10-30,58.5,71.0,90.0,4.0,42.0,True
2015-10-31,56.2,71.0,82.0,8.0,27.0,True
2015-11-01,51.7,67.0,75.0,10.0,12.0,True
2015-11-02,51.4,68.0,75.0,5.0,14.0,True
2015-11-03,52.1,69.0,74.0,7.0,14.0,True
2015-11-04,55.2,70.0,82.0,9.0,20.0,True
2015-11-05,59.8,79.0,83.0,9.0,19.0,True
2015-11-06,50.4,68.0,62.0,10.0,20.0,True
2015-11-07,50.2,60.0,79.0,8.0,28.0,True
2015-11-08,46.2,62.0,56.0,10.0,20.0,False
2015-11-09,47.6,63.0,66.0,10.0,9.0,False
2015-11-10,53.9,67.0,82.0,10.0,20.0,False
2015-11-11,55.4,77.0,62.0,10.0,25.0,False
2015-11-12,43.9,64.0,36.0,10.0,27.0,False
2015-11-13,43.3,61.0,47.0,10.0,14.0,False
2015-11-14,46.3,60.0,66.0,10.0,11.0,True
2015-11-15,49.3,62.0,73.0,10.0,17.0,False
2015-11-16,57.8,70.0,92.0,8.0,28.0,True
2015-11-17,48.9,61.0,69.0,8.0,30.0,True
2015-11-18,45.3,58.0,64.0,10.0,15.0,False
2015-11-19,46.4,63.0,59.0,10.0,11.0,False
2015-11-20,49.6,65.0,67.0,10.0,17.0,False
2015-11-21,45.1,54.0,63.0,10.0,35.0,False
2015-11-22,38.0,47.0,56.0,10.0,13.0,False
2015-11-23,39.6,48.0,61.0,10.0,14.0,False
2015-11-24,46.4,56.0,74.0,10.0,16.0,False
2015-11-25,53.6,68.0,77.0,10.0,22.0,True
2015-11-26,57.3,71.0,91.0,8.0,20.0,True
2015-11-27,51.2,58.0,94.0,6.0,22.0,True
2015-11-28,42.9,42.0,91.0,9.0,19.0,True
2015-11-29,43.8,45.0,91.0,8.0,15.0,True
2015-11-30,45.3,50.0,86.0,10.0,11.0,False
2015-12-01,44.1,53.0,72.0,10.0,12.0,False
2015-12-02,43.9,55.0,65.0,10.0,14.0,True
2015-12-03,41.4,52.0,61.0,10.0,12.0,False
2015-12-04,41.5,50.0,66.0,10.0,13.0,False
2015-12-05,42.1,51.0,66.0,10.0,14.0,False
2015-12-06,46.3,57.0,71.0,10.0,16.0,False
2015-12-07,44.5,57.0,64.0,10.0,12.0,False
2015-12-08,47.6,59.0,70.0,10.0,21.0,False
2015-12-09,46.5,62.0,61.0,10.0,13.0,False
2015-12-10,51.6,65.0,78.0,8.0,19.0,False
2015-12-11,52.3,66.0,79.0,6.0,23.0,True
2015-12-12,58.2,73.0,85.0,9.0,29.0,True
2015-12-13,51.7,60.0,84.0,6.0,37.0,True
2015-12-14,44.7,59.0,57.0,10.0,18.0,False
2015-12-15,52.8,64.0,86.0,10.0,16.0,False
2015-12-16,40.1,55.0,40.0,10.0,26.0,False
2015-12-17,42.3,54.0,54.0,10.0,25.0,False
2015-12-18,38.4,46.0,55.0,10.0,24.0,False
2015-12-19,43.1,51.0,68.0,10.0,20.0,False
2015-12-20,51.8,59.0,89.0,10.0,25.0,True
2015-12-21,51.6,65.0,79.0,9.0,15.0,False
2015-12-22,49.8,64.0,69.0,10.0,20.0,False
2015-12-23,49.5,67.0,59.0,9.0,24.0,False
2015-12-24,51.1,63.0,81.0,9.0,16.0,False
2015-12-25,49.4,61.0,77.0,9.0,17.0,False
2015-12-26,58.9,74.0,85.0,9.0,31.0,True
2015-12-27,50.2,55.0,89.0,8.0,33.0,True
2015-12-28,41.0,41.0,75.0,10.0,35.0,False
2015-12-29,39.0,43.0,74.0,8.0,11.0,True
2015-12-30,43.3,49.0,80.0,7.0,14.0,True
2015-12-31,42.6,46.0,78.0,10.0,20.0,False
2016-01-01,37.4,46.0,60.0,0.0,24.0,True
2016-01-02,39.2,45.0,77.0,0.0,13.0,True
2016-01-03,43.4,52.0,70.0,10.0,14.0,True
2016-01-04,38.9,48.0,58.0,10.0,13.0,False
2016-01-05,39.8,46.0,68.0,10.0,12.0,True
2016-01-06,44.5,50.0,86.0,5.0,13.0,True
2016-01-07,47.0,61.0,71.0,5.0,13.0,True
2016-01-08,47.9,55.0,86.0,7.0,18.0,True
2016-01-09,40.8,48.0,59.0,10.0,30.0,False
2016-01-10,36.8,42.0,61.0,10.0,16.0,False
2016-01-11,37.2,45.0,59.0,10.0,9.0,False
2016-01-12,40.2,50.0,58.0,10.0,16.0,False
2016-01-13,43.3,52.0,68.0,10.0,17.0,False
2016-01-14,48.4,59.0,75.0,10.0,19.0,False
2016-01-15,44.8,59.0,58.0,10.0,17.0,False
2016-01-16,44.1,54.0,61.0,10.0,29.0,True
2016-01-17,39.3,45.0,65.0,10.0,18.0,False
2016-01-18,41.2,48.0,70.0,10.0,12.0,False
2016-01-19,47.6,56.0,78.0,7.0,26.0,False
2016-01-20,43.2,51.0,70.0,10.0,17.0,False
2016-01-21,45.0,54.0,66.0,6.0,36.0,True
2016-01-22,38.8,46.0,56.0,10.0,26.0,False
2016-01-23,37.4,44.0,61.0,10.0,12.0,False
2016-01-24,43.1,53.0,61.0,10.0,24.0,False
2016-01-25,50.2,66.0,66.0,10.0,20.0,False
2016-01-26,40.5,51.0,50.0,10.0,30.0,True
2016-01-27,37.5,48.0,47.0,10.0,21.0,False
2016-01-28,40.3,52.0,53.0,10.0,17.0,False
2016-01-29,43.5,57.0,53.0,10.0,24.0,False
2016-01-30,47.3,62.0,59.0,10.0,25.0,False
2016-01-31,50.9,72.0,55.0,10.0,19.0,False
2016-02-01,51.8,66.0,73.0,7.0,28.0,True
2016-02-02,40.9,62.0,28.0,10.0,23.0,False
2016-02-03,37.0,49.0,41.0,10.0,23.0,False
2016-02-04,36.5,47.0,49.0,10.0,12.0,False
2016-02-05,37.6,48.0,47.0,10.0,22.0,False
2016-02-06,40.6,51.0,51.0,10.0,29.0,True
2016-02-07,41.5,50.0,62.0,10.0,21.0,False
2016-02-08,40.3,56.0,37.0,10.0,29.0,False
2016-02-09,40.8,57.0,40.0,10.0,23.0,False
2016-02-10,42.4,56.0,54.0,10.0,16.0,False
2016-02-11,45.2,68.0,36.0,10.0,20.0,False
2016-02-12,47.4,63.0,60.0,10.0,19.0,False
2016-02-13,48.4,64.0,60.0,10.0,24.0,False
2016-02-14,51.8,66.0,71.0,10.0,26.0,False
2016-02-15,47.3,62.0,59.0,10.0,25.0,False
2016-02-16,45.2,63.0,49.0,10.0,19.0,False
2016-02-17,42.6,63.0,35.0,10.0,21.0,False
2016-02-18,52.0,67.0,68.0,10.0,29.0,False
2016-02-19,53.9,73.0,63.0,10.0,28.0,False
2016-02-20,54.8,71.0,76.0,10.0,21.0,False
2016-02-21,54.8,68.0,86.0,10.0,16.0,True
2016-02-22,51.1,65.0,74.0,10.0,18.0,False
2016-02-23,47.5,54.0,76.0,8.0,37.0,True
2016-02-24,41.6,54.0,49.0,10.0,28.0,False
2016-02-25,41.5,54.0,53.0,10.0,19.0,False
2016-02-26,38.5,53.0,42.0,10.0,16.0,False
2016-02-27,45.5,58.0,62.0,10.0,21.0,False
2016-02-28,52.2,67.0,72.0,10.0,23.0,False
2016-02-29,53.6,70.0,72.0,10.0,22.0,False
2016-03-01,52.2,70.0,62.0,10.0,28.0,False
2016-03-02,48.3,64.0,59.0,10.0,25.0,False
2016-03-03,51.9,73.0,53.0,10.0,28.0,False
2016-03-04,44.3,61.0,48.0,10.0,22.0,False
2016-03-05,51.0,68.0,66.0,10.0,18.0,False
2016-03-06,53.2,68.0,74.0,9.0,26.0,False
2016-03-07,55.3,70.0,76.0,9.0,33.0,True
2016-03-08,57.4,76.0,74.0,8.0,30.0,True
2016-03-09,54.8,65.0,92.0,6.0,27.0,True
2016-03-10,53.1,61.0,92.0,8.0,26.0,True
2016-03-11,52.8,65.0,87.0,7.0,15.0,True
2016-03-12,51.6,66.0,75.0,10.0,16.0,True
2016-03-13,51.4,71.0,59.0,8.0,25.0,False
2016-03-14,50.7,73.0,48.0,10.0,26.0,False
2016-03-15,55.2,80.0,59.0,7.0,20.0,False
2016-03-16,51.2,71.0,61.0,9.0,17.0,False
2016-03-17,54.1,73.0,76.0,6.0,12.0,True
2016-03-18,54.9,68.0,85.0,7.0,25.0,True
2016-03-19,42.8,55.0,52.0,10.0,29.0,False
2016-03-20,39.6,53.0,44.0,10.0,23.0,False
2016-03-21,41.4,52.0,57.0,10.0,20.0,False
2016-03-22,49.5,62.0,67.0,10.0,31.0,False
2016-03-23,55.9,74.0,71.0,10.0,27.0,False
2016-03-24,44.1,59.0,51.0,8.0,28.0,True
2016-03-25,44.4,57.0,60.0,10.0,19.0,False
2016-03-26,49.3,61.0,75.0,9.0,20.0,False
2016-03-27,50.5,65.0,70.0,8.0,24.0,True
2016-03-28,45.0,62.0,51.0,10.0,18.0,False
2016-03-29,50.4,64.0,76.0,5.0,22.0,True
2016-03-30,57.5,73.0,88.0,5.0,24.0,True
2016-03-31,53.0,76.0,59.0,7.0,18.0,False
2016-04-01,46.4,59.0,57.0,9.0,37.0,True
2016-04-02,44.0,60.0,50.0,10.0,20.0,False
2016-04-03,46.3,62.0,58.0,10.0,17.0,False
2016-04-04,47.4,68.0,48.0,10.0,18.0,False
2016-04-05,48.5,68.0,50.0,10.0,25.0,False
2016-04-06,50.0,69.0,56.0,10.0,23.0,False
2016-04-07,48.4,67.0,55.0,10.0,19.0,False
2016-04-08,48.1,68.0,51.0,10.0,19.0,False
2016-04-09,51.2,68.0,63.0,10.0,26.0,True
2016-04-10,56.2,72.0,75.0,10.0,32.0,False
2016-04-11,59.4,80.0,74.0,10.0,26.0,False
2016-04-12,54.8,68.0,83.0,8.0,26.0,True
2016-04-13,52.7,65.0,83.0,8.0,20.0,True
2016-04-14,50.9,66.0,75.0,6.0,17.0,True
2016-04-15,52.7,67.0,77.0,8.0,22.0,False
2016-04-16,57.6,70.0,92.0,7.0,28.0,True
2016-04-17,57.0,71.0,90.0,5.0,25.0,True
2016-04-18,55.4,69.0,87.0,6.0,23.0,True
2016-04-19,54.3,72.0,79.0,6.0,13.0,False
2016-04-20,55.2,71.0,72.0,9.0,35.0,True
2016-04-21,54.1,72.0,70.0,8.0,25.0,True
2016-04-22,52.2,72.0,63.0,10.0,16.0,False
2016-04-23,50.4,69.0,61.0,10.0,17.0,False
2016-04-24,55.3,71.0,79.0,10.0,20.0,False
2016-04-25,59.2,79.0,76.0,10.0,25.0,True
2016-04-26,59.2,79.0,77.0,8.0,27.0,False
2016-04-27,54.1,76.0,54.0,8.0,37.0,True
2016-04-28,55.8,75.0,71.0,8.0,25.0,False
2016-04-29,60.1,80.0,82.0,7.0,23.0,True
2016-04-30,56.5,76.0,73.0,8.0,23.0,True
2016-05-01,54.0,72.0,69.0,10.0,22.0,False
2016-05-02,50.1,64.0,68.0,10.0,25.0,True
2016-05-03,49.4,67.0,60.0,10.0,19.0,False
2016-05-04,50.8,71.0,57.0,10.0,19.0,False
2016-05-05,50.7,74.0,51.0,10.0,15.0,False
2016-05-06,51.4,71.0,60.0,10.0,19.0,False
2016-05-07,54.4,73.0,65.0,10.0,29.0,False
2016-05-08,57.3,70.0,88.0,10.0,27.0,True
2016-05-09,57.3,77.0,69.0,10.0,30.0,False
2016-05-10,58.6,79.0,75.0,6.0,29.0,True
2016-05-11,57.4,76.0,76.0,8.0,26.0,True
2016-05-12,58.3,76.0,78.0,9.0,29.0,True
2016-05-13,56.6,79.0,69.0,10.0,13.0,False
2016-05-14,56.2,72.0,87.0,6.0,16.0,True
2016-05-15,53.4,67.0,83.0,9.0,15.0,True
2016-05-16,56.7,74.0,84.0,6.0,17.0,True
2016-05-17,57.9,74.0,83.0,6.0,31.0,True
2016-05-18,55.2,71.0,77.0,10.0,23.0,True
2016-05-19,55.2,69.0,84.0,5.0,29.0,True
2016-05-20,54.4,73.0,74.0,9.0,13.0,False
2016-05-21,58.3,77.0,81.0,10.0,16.0,False
2016-05-22,60.6,80.0,82.0,10.0,22.0,False
2016-05-23,59.8,78.0,84.0,9.0,22.0,True
2016-05-24,59.9,81.0,76.0,10.0,22.0,False
2016-05-25,61.0,82.0,81.0,8.0,22.0,False
2016-05-26,59.1,79.0,76.0,8.0,28.0,True
2016-05-27,56.6,71.0,87.0,8.0,21.0,True
2016-05-28,57.9,78.0,79.0,6.0,19.0,True
2016-05-29,58.8,79.0,78.0,8.0,21.0,True
2016-05-30,55.9,78.0,67.0,8.0,19.0,True
2016-05-31,58.3,75.0,85.0,8.0,22.0,True
2016-06-01,56.8,78.0,75.0,6.0,16.0,True
2016-06-02,56.4,76.0,76.0,7.0,18.0,True
2016-06-03,55.1,75.0,74.0,6.0,16.0,True
2016-06-04,57.5,77.0,76.0,9.0,20.0,True
2016-06-05,56.4,78.0,66.0,10.0,22.0,False
2016-06-06,54.6,80.0,53.0,10.0,20.0,False
2016-06-07,56.7,81.0,64.0,10.0,14.0,False
2016-06-08,58.5,81.0,71.0,10.0,18.0,False
2016-06-09,61.0,82.0,73.0,10.0,34.0,False
2016-06-10,58.8,80.0,77.0,10.0,14.0,False
2016-06-11,60.6,85.0,72.0,9.0,19.0,False
2016-06-12,62.0,86.0,74.0,10.0,22.0,False
2016-06-13,61.5,85.0,76.0,10.0,18.0,False
2016-06-14,61.3,86.0,71.0,10.0,21.0,False
2016-06-15,60.6,87.0,66.0,8.0,23.0,False
2016-06-16,61.2,86.0,71.0,9.0,22.0,False
2016-06-17,61.4,87.0,70.0,10.0,19.0,False
2016-06-18,59.8,86.0,67.0,9.0,16.0,False
2016-06-19,60.1,86.0,67.0,10.0,17.0,False
2016-06-20,59.2,85.0,65.0,10.0,17.0,False
2016-06-21,59.8,86.0,66.0,10.0,16.0,False
2016-06-22,61.6,86.0,72.0,10.0,22.0,False
2016-06-23,60.7,85.0,70.0,10.0,22.0,False
2016-06-24,60.6,84.0,73.0,10.0,20.0,False
2016-06-25,61.3,83.0,81.0,10.0,16.0,True
2016-06-26,61.3,86.0,73.0,9.0,19.0,False
2016-06-27,59.5,86.0,65.0,10.0,15.0,False
2016-06-28,63.0,87.0,69.0,9.0,39.0,True
2016-06-29,58.5,84.0,66.0,10.0,13.0,False
2016-06-30,59.2,85.0,65.0,10.0,17.0,False
2016-07-01,60.2,85.0,70.0,10.0,17.0,False
2016-07-02,61.2,87.0,67.0,10.0,23.0,False
2016-07-03,61.9,88.0,67.0,10.0,25.0,False
2016-07-04,61.8,90.0,62.0,10.0,24.0,False
2016-07-05,61.9,89.0,65.0,9.0,26.0,False
2016-07-06,63.4,90.0,68.0,10.0,28.0,False
2016-07-07,61.9,89.0,64.0,10.0,26.0,False
2016-07-08,62.1,90.0,64.0,10.0,23.0,False
2016-07-09,61.8,89.0,65.0,10.0,23.0,False
2016-07-10,61.2,87.0,67.0,9.0,25.0,True
2016-07-11,62.1,90.0,60.0,10.0,31.0,False
2016-07-12,62.1,89.0,64.0,10.0,28.0,False
2016-07-13,62.8,91.0,64.0,10.0,25.0,False
2016-07-14,61.7,89.0,64.0,10.0,24.0,False
2016-07-15,61.6,90.0,62.0,10.0,22.0,False
2016-07-16,61.2,88.0,66.0,10.0,20.0,False
2016-07-17,60.6,88.0,63.0,10.0,20.0,False
2016-07-18,61.8,89.0,65.0,10.0,23.0,False
2016-07-19,61.7,89.0,64.0,10.0,24.0,False
2016-07-20,61.1,89.0,62.0,10.0,22.0,False
2016-07-21,60.5,89.0,60.0,10.0,20.0,False
2016-07-22,60.0,89.0,59.0,10.0,17.0,False
2016-07-23,61.1,90.0,60.0,10.0,21.0,False
2016-07-24,61.9,90.0,64.0,10.0,21.0,False
2016-07-25,62.8,89.0,66.0,9.0,33.0,True
2016-07-26,60.3,84.0,76.0,7.0,17.0,True
2016-07-27,60.9,83.0,78.0,6.0,26.0,True
2016-07-28,62.0,86.0,70.0,10.0,30.0,True
2016-07-29,59.6,85.0,67.0,10.0,17.0,False
2016-07-30,61.5,87.0,71.0,10.0,18.0,False
2016-07-31,59.3,88.0,66.0,0.0,21.0,False
2016-08-01,60.1,87.0,62.0,10.0,22.0,False
2016-08-02,60.8,87.0,67.0,10.0,19.0,False
2016-08-03,61.4,88.0,68.0,10.0,18.0,False
2016-08-04,61.0,88.0,65.0,10.0,20.0,False
2016-08-05,61.7,89.0,67.0,10.0,18.0,False
2016-08-06,60.9,89.0,63.0,10.0,18.0,False
2016-08-07,61.4,89.0,65.0,10.0,19.0,False
2016-08-08,61.5,89.0,65.0,10.0,20.0,False
2016-08-09,62.7,91.0,66.0,10.0,20.0,False
2016-08-10,62.8,92.0,64.0,10.0,20.0,False
2016-08-11,61.9,90.0,64.0,10.0,21.0,False
2016-08-12,63.0,92.0,63.0,10.0,24.0,False
2016-08-13,62.0,87.0,73.0,10.0,19.0,True
2016-08-14,60.8,78.0,90.0,7.0,24.0,True
2016-08-15,58.6,74.0,97.0,5.0,12.0,True
2016-08-16,59.3,77.0,90.0,6.0,16.0,True
2016-08-17,61.2,80.0,90.0,8.0,16.0,True
2016-08-18,60.9,81.0,84.0,9.0,18.0,True
2016-08-19,60.9,84.0,76.0,9.0,19.0,True
2016-08-20,59.7,78.0,87.0,8.0,17.0,True
2016-08-21,59.6,78.0,87.0,9.0,14.0,True
2016-08-22,60.3,83.0,75.0,9.0,20.0,True
2016-08-23,61.1,86.0,70.0,10.0,21.0,False
2016-08-24,61.0,85.0,72.0,10.0,21.0,False
2016-08-25,60.7,84.0,75.0,10.0,17.0,False
2016-08-26,60.6,84.0,73.0,10.0,20.0,False
2016-08-27,59.5,82.0,73.0,10.0,19.0,False
2016-08-28,59.9,83.0,72.0,9.0,22.0,True
2016-08-29,60.3,82.0,75.0,9.0,25.0,True
2016-08-30,59.7,83.0,73.0,10.0,16.0,False
2016-08-31,60.4,84.0,75.0,10.0,14.0,True
2016-09-01,60.5,86.0,70.0,10.0,15.0,False
2016-09-02,60.3,84.0,73.0,10.0,17.0,False
2016-09-03,59.6,83.0,73.0,9.0,17.0,False
2016-09-04,60.3,84.0,73.0,9.0,19.0,True
2016-09-05,61.3,84.0,77.0,10.0,19.0,True
2016-09-06,63.3,86.0,79.0,10.0,25.0,True
2016-09-07,62.5,87.0,75.0,10.0,20.0,False
2016-09-08,61.0,86.0,70.0,10.0,20.0,False
2016-09-09,61.4,86.0,72.0,10.0,20.0,False
2016-09-10,59.5,82.0,68.0,9.0,31.0,True
2016-09-11,56.3,81.0,64.0,10.0,10.0,False
2016-09-12,58.5,82.0,70.0,10.0,15.0,False
2016-09-13,60.1,84.0,73.0,10.0,15.0,True
2016-09-14,59.0,84.0,66.0,10.0,18.0,True
2016-09-15,59.2,83.0,70.0,10.0,17.0,False
2016-09-16,59.5,85.0,69.0,10.0,12.0,False
2016-09-17,57.9,85.0,67.0,10.0,0.0,False
2016-09-18,60.7,87.0,70.0,10.0,12.0,False
2016-09-19,61.2,88.0,68.0,10.0,16.0,False
2016-09-20,60.4,87.0,66.0,10.0,17.0,False
2016-09-21,58.7,86.0,62.0,10.0,13.0,False
2016-09-22,57.6,82.0,64.0,10.0,18.0,False
2016-09-23,60.9,85.0,73.0,9.0,20.0,True
2016-09-24,62.2,87.0,72.0,10.0,23.0,True
2016-09-25,60.0,79.0,83.0,9.0,21.0,True
2016-09-26,56.2,70.0,89.0,7.0,20.0,True
2016-09-27,54.5,74.0,71.0,10.0,13.0,False
2016-09-28,53.8,77.0,61.0,10.0,11.0,False
2016-09-29,53.8,75.0,61.0,10.0,21.0,False
2016-09-30,50.0,72.0,54.0,10.0,12.0,False
2016-10-01,51.3,70.0,65.0,10.0,13.0,False
2016-10-02,52.1,72.0,65.0,10.0,11.0,False
2016-10-03,54.1,75.0,66.0,10.0,14.0,False
2016-10-04,58.3,81.0,69.0,10.0,20.0,False
2016-10-05,60.5,84.0,72.0,10.0,21.0,False
2016-10-06,60.5,84.0,71.0,10.0,23.0,False
2016-10-07,57.4,76.0,74.0,10.0,26.0,True
2016-10-08,54.4,74.0,69.0,10.0,16.0,False
2016-10-09,48.7,71.0,49.0,10.0,14.0,False
2016-10-10,47.7,68.0,53.0,10.0,11.0,False
2016-10-11,50.2,71.0,57.0,10.0,13.0,False
2016-10-12,54.9,76.0,66.0,10.0,17.0,False
2016-10-13,57.7,79.0,73.0,10.0,16.0,True
2016-10-14,57.1,77.0,74.0,7.0,24.0,True
2016-10-15,58.6,81.0,70.0,10.0,21.0,False
2016-10-16,59.7,85.0,66.0,10.0,20.0,False
2016-10-17,60.1,84.0,69.0,10.0,23.0,False
2016-10-18,59.6,84.0,67.0,10.0,22.0,False
2016-10-19,60.0,84.0,71.0,10.0,18.0,False
2016-10-20,53.9,74.0,60.0,10.0,29.0,False
2016-10-21,46.0,65.0,50.0,10.0,15.0,False
2016-10-22,47.0,64.0,57.0,10.0,16.0,False
2016-10-23,51.5,70.0,63.0,10.0,19.0,True
2016-10-24,56.3,77.0,71.0,10.0,16.0,False
2016-10-25,56.2,77.0,72.0,8.0,17.0,False
2016-10-26,55.2,76.0,69.0,10.0,14.0,False
2016-10-27,55.0,76.0,68.0,10.0,14.0,False
2016-10-28,54.0,74.0,67.0,10.0,16.0,False
2016-10-29,55.2,75.0,68.0,10.0,21.0,False
2016-10-30,54.8,76.0,67.0,10.0,14.0,False
2016-10-31,54.2,73.0,72.0,8.0,17.0,True
2016-11-01,58.9,81.0,72.0,9.0,22.0,True
2016-11-02,59.6,81.0,78.0,9.0,17.0,True
2016-11-03,57.9,74.0,84.0,8.0,25.0,True
2016-11-04,56.2,71.0,89.0,9.0,11.0,False
2016-11-05,54.6,68.0,91.0,6.0,12.0,True
2016-11-06,55.0,68.0,85.0,10.0,20.0,True
2016-11-07,54.0,66.0,94.0,5.0,12.0,True
2016-11-08,54.6,66.0,92.0,8.0,16.0,True
2016-11-09,53.2,63.0,94.0,6.0,17.0,True
2016-11-10,49.6,64.0,72.0,10.0,12.0,False
2016-11-11,51.1,65.0,79.0,8.0,12.0,True
2016-11-12,50.8,67.0,72.0,8.0,13.0,False
2016-11-13,50.7,65.0,75.0,10.0,12.0,False
2016-11-14,52.1,69.0,74.0,6.0,16.0,True
2016-11-15,51.9,73.0,60.0,10.0,14.0,False
2016-11-16,50.9,71.0,58.0,10.0,18.0,False
2016-11-17,54.2,70.0,74.0,9.0,26.0,False
2016-11-18,50.3,66.0,62.0,10.0,29.0,True
2016-11-19,39.4,52.0,46.0,10.0,22.0,False
2016-11-20,40.0,51.0,55.0,10.0,15.0,False
2016-11-21,47.4,61.0,64.0,10.0,21.0,False
2016-11-22,55.2,69.0,83.0,9.0,23.0,True
2016-11-23,49.4,62.0,71.0,9.0,24.0,True
2016-11-24,47.7,61.0,70.0,10.0,12.0,False
2016-11-25,51.3,61.0,87.0,10.0,14.0,True
2016-11-26,47.7,62.0,69.0,10.0,9.0,False
2016-11-27,52.6,66.0,75.0,10.0,26.0,False
2016-11-28,47.9,65.0,53.0,10.0,28.0,False
2016-11-29,45.8,64.0,53.0,10.0,12.0,False
2016-11-30,40.5,55.0,45.0,10.0,20.0,False
2016-12-01,41.3,53.0,56.0,10.0,16.0,False
2016-12-02,48.1,58.0,77.0,10.0,17.0,True
2016-12-03,47.8,51.0,95.0,6.0,21.0,True
2016-12-04,46.6,51.0,88.0,8.0,19.0,True
2016-12-05,46.7,50.0,95.0,5.0,17.0,True
2016-12-06,46.6,51.0,84.0,8.0,27.0,True
2016-12-07,44.5,48.0,86.0,7.0,19.0,False
2016-12-08,40.8,44.0,68.0,10.0,32.0,False
2016-12-09,32.8,40.0,45.0,10.0,18.0,False
2016-12-10,40.1,44.0,75.0,8.0,15.0,False
2016-12-11,51.2,59.0,91.0,5.0,25.0,True
2016-12-12,46.8,57.0,73.0,10.0,17.0,False
2016-12-13,50.2,64.0,73.0,7.0,22.0,False
2016-12-14,44.3,50.0,78.0,10.0,17.0,False
2016-12-15,44.0,50.0,78.0,7.0,20.0,False
2016-12-16,49.6,59.0,82.0,8.0,21.0,False
2016-12-17,48.2,55.0,80.0,6.0,35.0,False
2016-12-18,31.1,32.0,48.0,10.0,35.0,False
2016-12-19,29.5,34.0,42.0,10.0,21.0,False
2016-12-20,34.6,47.0,40.0,10.0,11.0,False
2016-12-21,40.6,57.0,41.0,10.0,19.0,False
2016-12-22,43.0,59.0,48.0,10.0,19.0,False
2016-12-23,47.0,60.0,74.0,6.0,10.0,True
2016-12-24,57.6,72.0,85.0,9.0,28.0,False
2016-12-25,57.0,74.0,74.0,10.0,32.0,False
2016-12-26,57.3,77.0,74.0,10.0,20.0,True
2016-12-27,52.0,69.0,72.0,10.0,11.0,False
2016-12-28,54.7,73.0,72.0,9.0,20.0,False
2016-12-29,45.2,60.0,51.0,10.0,30.0,False
2016-12-30,37.2,52.0,38.0,10.0,16.0,False
2016-12-31,49.8,64.0,70.0,10.0,18.0,True
2017-01-01,47.9,63.0,74.0,8.0,0.0,True
2017-01-02,51.9,64.0,79.0,8.0,25.0,True
2017-01-03,44.7,60.0,52.0,10.0,23.0,False
2017-01-04,36.3,42.0,58.0,10.0,17.0,False
2017-01-05,42.1,49.0,64.0,10.0,28.0,False
2017-01-06,30.3,29.0,55.0,10.0,28.0,False
2017-01-07,29.7,32.0,48.0,10.0,21.0,False
2017-01-08,32.7,37.0,50.0,10.0,22.0,False
2017-01-09,47.0,57.0,69.0,10.0,27.0,False
2017-01-10,53.2,69.0,66.0,10.0,35.0,False
2017-01-11,54.3,70.0,72.0,10.0,29.0,False
2017-01-12,55.6,74.0,70.0,10.0,26.0,False
2017-01-13,52.3,67.0,74.0,8.0,24.0,True
2017-01-14,46.3,52.0,92.0,3.0,13.0,True
2017-01-15,52.1,62.0,87.0,4.0,29.0,True
2017-01-16,51.0,64.0,78.0,9.0,16.0,True
2017-01-17,47.8,54.0,86.0,7.0,22.0,True
2017-01-18,47.6,52.0,93.0,8.0,14.0,True
2017-01-19,50.6,62.0,79.0,10.0,18.0,True
2017-01-20,47.1,62.0,66.0,9.0,11.0,False
2017-01-21,50.1,65.0,62.0,7.0,38.0,True
2017-01-22,44.9,62.0,38.0,10.0,43.0,False
2017-01-23,42.9,61.0,44.0,10.0,16.0,False
2017-01-24,50.4,67.0,62.0,10.0,25.0,False
2017-01-25,44.5,59.0,53.0,10.0,24.0,False
2017-01-26,37.6,50.0,46.0,10.0,14.0,False
2017-01-27,37.5,48.0,48.0,10.0,19.0,False
2017-01-28,39.6,50.0,52.0,10.0,22.0,True
2017-01-29,40.5,55.0,44.0,10.0,22.0,False
2017-01-30,42.9,63.0,38.0,10.0,18.0,False
2017-01-31,43.4,61.0,44.0,10.0,21.0,False
2017-02-01,50.7,67.0,68.0,8.0,20.0,False
2017-02-02,41.9,55.0,52.0,10.0,20.0,False
2017-02-03,40.0,49.0,57.0,10.0,21.0,False
2017-02-04,41.9,49.0,77.0,4.0,12.0,True
2017-02-05,51.9,62.0,89.0,6.0,19.0,True
2017-02-06,55.7,73.0,76.0,9.0,22.0,True
2017-02-07,51.1,71.0,59.0,8.0,22.0,False
2017-02-08,48.9,69.0,49.0,10.0,26.0,False
2017-02-09,39.7,56.0,39.0,10.0,19.0,False
2017-02-10,50.7,65.0,70.0,10.0,22.0,False
2017-02-11,55.9,76.0,71.0,8.0,21.0,False
2017-02-12,55.0,73.0,73.0,9.0,21.0,False
2017-02-13,52.9,71.0,63.0,10.0,28.0,False
2017-02-14,49.3,57.0,80.0,8.0,32.0,True
2017-02-15,42.0,54.0,53.0,10.0,24.0,False
2017-02-16,41.8,55.0,54.0,10.0,15.0,False
2017-02-17,49.6,64.0,67.0,10.0,22.0,False
2017-02-18,52.6,74.0,58.0,10.0,20.0,False
2017-02-19,55.8,71.0,76.0,7.0,37.0,True
2017-02-20,53.0,64.0,80.0,8.0,34.0,True
2017-02-21,50.3,67.0,61.0,10.0,26.0,False
2017-02-22,47.6,69.0,48.0,10.0,15.0,False
2017-02-23,51.0,73.0,50.0,10.0,25.0,False
2017-02-24,44.0,67.0,31.0,10.0,23.0,False
2017-02-25,39.6,54.0,42.0,10.0,22.0,False
2017-02-26,47.7,57.0,77.0,10.0,18.0,False
2017-02-27,55.9,74.0,76.0,8.0,21.0,False
2017-02-28,57.1,75.0,79.0,7.0,24.0,False
2017-03-01,48.5,64.0,59.0,9.0,29.0,False
2017-03-02,39.3,58.0,30.0,10.0,23.0,False
2017-03-03,41.3,56.0,45.0,10.0,23.0,False
2017-03-04,45.9,57.0,72.0,6.0,18.0,True
2017-03-05,52.9,66.0,84.0,6.0,19.0,True
2017-03-06,58.1,76.0,76.0,10.0,29.0,True
2017-03-07,51.2,69.0,61.0,10.0,25.0,False
2017-03-08,48.9,68.0,56.0,10.0,17.0,False
2017-03-09,57.1,74.0,79.0,10.0,23.0,True
2017-03-10,54.3,73.0,70.0,10.0,18.0,False
2017-03-11,53.5,64.0,94.0,6.0,15.0,True
2017-03-12,49.4,55.0,85.0,9.0,31.0,True
2017-03-13,49.0,58.0,85.0,6.0,18.0,True
2017-03-14,41.5,57.0,46.0,10.0,18.0,False
2017-03-15,47.7,62.0,64.0,9.0,21.0,False
2017-03-16,53.9,69.0,78.0,7.0,24.0,False
2017-03-17,55.2,74.0,69.0,10.0,24.0,False
2017-03-18,55.5,75.0,72.0,10.0,16.0,False
2017-03-19,55.4,75.0,69.0,10.0,21.0,False
2017-03-20,54.2,75.0,63.0,10.0,21.0,False
2017-03-21,55.3,74.0,70.0,10.0,23.0,False
2017-03-22,55.7,76.0,67.0,10.0,23.0,False
2017-03-23,54.5,75.0,56.0,10.0,38.0,False
2017-03-24,54.0,72.0,68.0,8.0,28.0,True
2017-03-25,47.8,69.0,48.0,10.0,17.0,False
2017-03-26,55.2,75.0,67.0,8.0,27.0,False
2017-03-27,57.4,78.0,73.0,9.0,20.0,False
2017-03-28,57.5,78.0,67.0,8.0,35.0,False
2017-03-29,52.7,72.0,62.0,8.0,27.0,True
2017-03-30,48.6,68.0,50.0,10.0,26.0,False
2017-03-31,51.4,71.0,56.0,10.0,27.0,False
2017-04-01,55.9,71.0,79.0,10.0,26.0,False
2017-04-02,52.6,67.0,74.0,7.0,29.0,True
2017-04-03,50.3,70.0,58.0,10.0,17.0,False
2017-04-04,52.1,75.0,52.0,10.0,22.0,False
2017-04-05,46.4,64.0,45.0,10.0,34.0,False
2017-04-06,45.9,64.0,52.0,10.0,15.0,False
2017-04-07,48.5,67.0,55.0,10.0,20.0,False
2017-04-08,53.5,69.0,72.0,10.0,26.0,False
2017-04-09,56.2,74.0,73.0,10.0,26.0,False
2017-04-10,58.2,76.0,82.0,8.0,22.0,True
2017-04-11,55.7,67.0,94.0,8.0,18.0,True
2017-04-12,54.3,70.0,79.0,10.0,15.0,False
2017-04-13,57.0,75.0,77.0,9.0,23.0,True
2017-04-14,55.3,75.0,69.0,10.0,20.0,False
2017-04-15,56.7,76.0,71.0,10.0,25.0,False
2017-04-16,57.2,77.0,73.0,10.0,21.0,False
2017-04-17,56.6,72.0,80.0,10.0,26.0,True
2017-04-18,54.2,72.0,73.0,10.0,16.0,False
2017-04-19,56.9,77.0,71.0,10.0,22.0,True
2017-04-20,58.1,79.0,73.0,10.0,20.0,False
2017-04-21,57.5,80.0,66.0,10.0,23.0,False
2017-04-22,50.6,65.0,69.0,10.0,23.0,True
2017-04-23,46.2,64.0,50.0,10.0,22.0,False
2017-04-24,48.9,65.0,61.0,10.0,22.0,False
2017-04-25,57.2,76.0,73.0,10.0,26.0,False
2017-04-26,53.7,77.0,51.0,10.0,30.0,False
2017-04-27,51.2,70.0,58.0,10.0,26.0,False
2017-04-28,58.7,83.0,64.0,9.0,26.0,False
2017-04-29,56.7,79.0,64.0,7.0,30.0,True
2017-04-30,46.4,65.0,43.0,10.0,33.0,True
2017-05-01,49.8,71.0,50.0,10.0,23.0,False
2017-05-02,54.4,77.0,57.0,10.0,25.0,False
2017-05-03,58.1,80.0,66.0,9.0,31.0,True
2017-05-04,49.0,70.0,43.0,10.0,34.0,False
2017-05-05,48.3,71.0,44.0,10.0,20.0,False
2017-05-06,50.6,73.0,52.0,10.0,17.0,False
2017-05-07,53.0,75.0,56.0,10.0,23.0,False
2017-05-08,54.5,74.0,66.0,10.0,23.0,False
2017-05-09,56.3,71.0,86.0,9.0,18.0,True
2017-05-10,57.8,77.0,76.0,9.0,23.0,False
2017-05-11,58.5,80.0,73.0,7.0,25.0,True
2017-05-12,54.5,76.0,61.0,9.0,25.0,True
2017-05-13,51.4,74.0,54.0,10.0,16.0,False
2017-05-14,55.6,78.0,63.0,10.0,20.0,False
2017-05-15,57.8,80.0,67.0,10.0,24.0,False
2017-05-16,59.0,78.0,74.0,10.0,32.0,False
2017-05-17,57.4,80.0,67.0,8.0,24.0,True
2017-05-18,61.3,84.0,72.0,8.0,33.0,False
2017-05-19,60.1,85.0,64.0,10.0,28.0,False
2017-05-20,57.0,75.0,77.0,9.0,23.0,True
2017-05-21,53.9,70.0,74.0,8.0,25.0,True
2017-05-22,54.3,69.0,81.0,10.0,16.0,True
2017-05-23,55.5,72.0,73.0,8.0,33.0,True
2017-05-24,50.7,72.0,54.0,10.0,19.0,False
2017-05-25,54.9,78.0,55.0,10.0,29.0,False
2017-05-26,60.4,84.0,70.0,10.0,24.0,False
2017-05-27,61.2,87.0,71.0,6.0,23.0,True
2017-05-28,59.8,80.0,73.0,9.0,34.0,True
2017-05-29,56.1,78.0,70.0,10.0,11.0,False
2017-05-30,56.0,78.0,68.0,10.0,14.0,False
2017-05-31,57.9,77.0,74.0,10.0,26.0,True
2017-06-01,57.6,78.0,75.0,10.0,16.0,False
2017-06-02,59.1,83.0,70.0,10.0,16.0,False
2017-06-03,58.8,82.0,69.0,10.0,20.0,True
2017-06-04,59.4,80.0,76.0,9.0,24.0,True
2017-06-05,59.3,78.0,72.0,9.0,41.0,True
2017-06-06,58.4,81.0,67.0,10.0,25.0,False
2017-06-07,56.2,83.0,55.0,10.0,17.0,False
2017-06-08,56.9,83.0,60.0,10.0,14.0,False
2017-06-09,58.8,82.0,69.0,10.0,20.0,False
2017-06-10,57.5,82.0,62.0,10.0,21.0,False
2017-06-11,58.0,83.0,62.0,10.0,21.0,False
2017-06-12,59.1,85.0,62.0,10.0,22.0,True
2017-06-13,60.8,87.0,63.0,10.0,27.0,False
2017-06-14,60.4,87.0,63.0,10.0,23.0,False
2017-06-15,61.0,88.0,65.0,10.0,20.0,False
2017-06-16,60.9,88.0,60.0,10.0,29.0,False
2017-06-17,61.5,89.0,61.0,10.0,28.0,False
2017-06-18,60.8,89.0,60.0,10.0,23.0,False
2017-06-19,60.3,84.0,72.0,10.0,19.0,True
2017-06-20,59.2,87.0,60.0,10.0,17.0,False
2017-06-21,58.0,86.0,54.0,10.0,22.0,False
2017-06-22,58.5,88.0,54.0,10.0,17.0,False
2017-06-23,62.3,91.0,63.0,10.0,22.0,False
2017-06-24,57.4,79.0,70.0,8.0,23.0,True
2017-06-25,58.8,83.0,67.0,10.0,19.0,True
2017-06-26,59.6,82.0,74.0,8.0,22.0,True
2017-06-27,59.9,81.0,75.0,7.0,30.0,True
2017-06-28,58.8,82.0,70.0,10.0,18.0,False
2017-06-29,61.4,87.0,68.0,10.0,23.0,False
2017-06-30,62.0,89.0,64.0,10.0,27.0,False
2017-07-01,61.1,89.0,62.0,9.0,24.0,False
2017-07-02,61.6,89.0,63.0,10.0,25.0,False
2017-07-03,61.0,88.0,62.0,10.0,26.0,False
2017-07-04,61.8,90.0,60.0,10.0,28.0,False
2017-07-05,60.0,89.0,58.0,10.0,19.0,False
2017-07-06,60.5,89.0,60.0,10.0,20.0,True
2017-07-07,60.4,87.0,61.0,10.0,27.0,True
2017-07-08,59.5,88.0,59.0,10.0,17.0,True
2017-07-09,59.6,89.0,56.0,10.0,19.0,False
2017-07-10,59.4,88.0,57.0,10.0,20.0,False
2017-07-11,60.3,89.0,58.0,10.0,22.0,False
2017-07-12,60.3,89.0,59.0,10.0,20.0,False
2017-07-13,60.7,90.0,59.0,10.0,19.0,False
2017-07-14,60.3,89.0,58.0,10.0,22.0,False
2017-07-15,61.8,87.0,65.0,9.0,35.0,True
2017-07-16,59.6,84.0,67.0,9.0,24.0,False
2017-07-17,60.9,88.0,63.0,10.0,23.0,True
2017-07-18,60.2,88.0,61.0,10.0,20.0,False
2017-07-19,61.4,89.0,60.0,10.0,29.0,False
2017-07-20,60.4,90.0,56.0,10.0,22.0,False
2017-07-21,61.1,91.0,56.0,10.0,24.0,False
2017-07-22,60.8,90.0,58.0,10.0,22.0,False
2017-07-23,61.0,90.0,58.0,10.0,24.0,True
2017-07-24,60.4,89.0,60.0,10.0,19.0,True
2017-07-25,62.1,91.0,61.0,10.0,24.0,False
2017-07-26,61.8,91.0,58.0,10.0,27.0,False
2017-07-27,59.4,89.0,54.0,10.0,21.0,False
2017-07-28,60.3,91.0,54.0,10.0,20.0,False
2017-07-29,59.9,92.0,51.0,10.0,17.0,False
2017-07-30,60.1,93.0,48.0,10.0,20.0,False
2017-07-31,56.6,88.0,43.0,10.0,20.0,False
